{"cameraMode":{"drawMode":0,"name":"Shaded","section":"Shading Mode"},"sceneLighting":false,"audioPlay":false,"sceneViewState":{"showFog":true,"showMaterialUpdate":true,"showSkybox":true,"showFlares":true,"showImageEffects":true,"showParticleSystems":true},"in2DMode":false,"pivot":{"x":7.159864902496338,"y":3.013880729675293,"z":35.70091247558594},"rotation":{"x":0.004039648920297623,"y":0.9823293089866638,"z":-0.18653301894664765,"w":0.02100403793156147},"size":13.935641288757325,"orthographic":false}